ThePr	olugu	eINTr	oyThe	relye	sthes	ceneF	romIl	esofG	reece	ThePr	inces	Orgil	loust
aabab	baaaa	aaaaa	abbaa	aaaba	abaaa	baaab	baaab	baaba	aaaaa	ababa	aaaab	aaaaa	abbaa
heirh	ighbl	oodch	afdHa	uetot	hepor	tofAt	henss	entth	eirsh	ippes	Fraug	htwit	hthem
aaabb	aabaa	baaab	aaaba	aabaa	abbaa	aaabb	aabaa	aaabb	aabab	baaaa	abbab	ababb	baaba
inist	ersan	dinst	rumen	tsOfe	ruell	Warre	Sixty	andni	netha	twore	Their	Crown	etsRe
aabbb	aabaa	ababb	abaaa	aabba	aabbb	baaba	babba	aabbb	aabaa	baaaa	abbab	aabaa	baaab
galif	romth	Athen	ianba	yPutf	ortht	oward	Phyrg	inand	their	vowis	madeT	orans	ackeT
aaabb	baaaa	aabaa	baabb	aabaa	baaaa	abaaa	abbaa	aabba	baaba	aabbb	aabaa	baaab	aabaa
roywi	thinw	hoses	trong	emure	sTher	auish	dHele	nmene	lausQ	ueene	Withw	anton	Paris
aaabb	baaaa	aabaa	baaaa	abbab	babba	ababa	abbab	baabb	abaaa	abbaa	aabba	aaaaa	abbaa
sleep	esand	thats	theQu	arrel	lToTe	nedos	theye	omeAn	dthed	eeped	rawin	gBark	edoth
abbaa	abbab	aaaab	ababa	aabaa	aaaaa	abbaa	aaaba	aabaa	baaab	baaba	abbab	baaaa	baaab
eredi	sgorg	eThei	rwarl	ikefr	autag	enowo	nDard	anPla	inesT	hefre	shand	yetva	bruis
aabbb	abaaa	aaabb	abaaa	abbaa	aabbb	abaaa	baaab	babaa	baaaa	abaaa	baaba	abaaa	abbaa
edGre	ekesd	opite	hThei	rbrau	ePaui	llion	sPria	mssix	gated	CityD	ardan	AndTi	mbria
aabba	baaab	aabbb	abbab	ababb	aabaa	baaaa	baaab	abaaa	ababa	ababa	abaaa	aaaaa	aaabb
Helia	sChet	asTro	ienAn	dAnte	nonid	nswit	hmass	ieSta	plesA	ndcor	respo	nsine	andfu
baaab	aaaaa	abbaa	abbab	aaabb	babba	baaab	baaab	aabaa	babba	abaaa	aaaaa	aabba	aaaba
lfill	imgBo	ltsSt	irrev	ptheS	ohnes	ofTro	yNowE	xpect	ation	tickl	ingsk	ittis	hspir
abaaa	abbba	aabbb	aabaa	baaaa	babaa	abaaa	baaba	aabbb	baaba	aabbb	aabaa	aaaaa	aabaa
itsOa	onean	dothe	rside	Troia	nandG	reeke	Setsa	Honh	azard	Andhi	thera	mJeom	eAPro
abbaa	aabaa	abaaa	aaabb	abbab	aabab	baaba	aabbb	aabaa	abbaa	abbab	aaaab	ababa	aabaa
logue	armdb	utnot	incon	fiden	eeOfA	uthor	speno	rAeto	rsvoy	eebut	suite	dJuli	keeon
baabb	abaaa	baaaa	aabba	abaaa	ababa	abbba	baaaa	abaaa	abbaa	aaaba	aabaa	abbab	aabab
ditio	nsaso	urArg	ument	Totel	lyouf	aireB	ehold	ersth	atour	PlayL	eapes	preth	evann
ababa	aaaaa	baaba	abaaa	abbaa	abbba	abbab	aabaa	baaba	baaab	abaaa	abbaa	baaab	aaaba
tandf	irstl	ingso	fthos	ebroy	lesBe	ginni	ngint	hemid	dlest	artin	ghten	eeawa	yTowh
baaaa	abaaa	aaab	abaaa	abbaa	aabba	baaba	aabbb	aabaa	ababa	aabaa	baaba	baaba	aabaa
atmay	bedig	ested	inaPl	ayLik	corfi	ndefa	ultdo	asyon	rplea	sures	areNo	wgood	orbad
baaaa	baaab	baaba	abbab	aabaa	ababa	abaaa	babbb	aaaaa	aaaab	aabaa	baaba	aabbb	baaaa
tisbu	tthee	hance	ofWar	re									
aabab	baaab	baaba	aaaaa										